{"cameraMode":{"drawMode":0,"name":"Shaded","section":"Shading Mode"},"sceneLighting":false,"audioPlay":false,"sceneViewState":{"showFog":true,"showMaterialUpdate":false,"showSkybox":false,"showFlares":true,"showImageEffects":true,"showParticleSystems":true},"in2DMode":false,"pivot":{"x":-0.046848345547914508,"y":1.26886785030365,"z":-0.02784496545791626},"rotation":{"x":-0.28988587856292727,"y":0.035014912486076358,"z":-0.010613278485834599,"w":-0.9563615918159485},"size":25.747161865234376,"orthographic":false}